model,test_metrics,oot_metrics
RandomForest,"{'loss': 0.41744570434093475, 'accuracy': 0.8283035452680926, 'recall': np.float64(0.6009456264775414), 'precision': np.float64(0.7948717948717948), 'f1-score': np.float64(0.6844372644049542)}","{'loss': 0.5915815775784162, 'accuracy': 0.6618313689936537, 'recall': np.float64(0.47578692493946734), 'precision': np.float64(0.7564966313763234), 'f1-score': np.float64(0.5841694537346711)}"
