model,test_metrics,oot_metrics
RandomForest,"{'loss': 0.4107628650615148, 'accuracy': 0.8224435980076179, 'recall': np.float64(0.6416075650118204), 'precision': np.float64(0.7493097736057427), 'f1-score': np.float64(0.6912888436067244)}","{'loss': 0.5990577569374671, 'accuracy': 0.662133575098217, 'recall': np.float64(0.4322033898305085), 'precision': np.float64(0.7986577181208053), 'f1-score': np.float64(0.5608798114689709)}"
